https://ahmia.fi/search/?q=Cocaine+,Drugs
https://onionengine.com/msearch.php?search=mescaline&submit=Search&rt=,Drugs
https://www.startpage.com/sp/search,Drugs
https://www.cheaperthandirt.com/firearms/,Drugs
https://www.cheaperthandirt.com/search?q=Mdma&lang=default,Drugs
https://www.academy.com/c/outdoors/shooting/firearms,Drugs
https://palmettostatearmory.com/guns.html,Drugs
https://onionengine.com/search.php?search=guns&submit=Search&rt=,Drugs
https://tor.link/?q=guns,Drugs
http://haystak5njsmn2hqkewecpaxetahtwhsbsa64jom2k22z5afxhnpxfid.onion/?q=guns,Drugs
https://ahmia.fi/search/?q=guns,Drugs
https://ahmia.fi/search/?q=Mescaline+,Drugs
https://ahmia.fi/search/?q=Cocaine+,Drugs
http://muwgjdckwwmhyi7lj73dspumrxmzuzjvujmtmyrhhbjrgswcakobtfad.onion/product-category/drugs-for-sale/?add-to-cart=261,Drugs
http://4t4ki52bkw46s6zfxnnlcnzrqjv4zdp5kwmqeqtouwbixuxp5kfcxyad.onion/,Drugs
http://outlwlkeogfx6st5vurttiteaii4fw4uzvldpwtv4zw5g2kzedmx2rad.onion/?product_cat=drugs,Drugs
http://darkex4kxdlcysmq653glxxg5sd2ggatqr5gag5o62oxpst75oyi5rad.onion/?product_cat=drugs,Drugs
http://jv2bfzq363esd4m4tpkk47gqbqqv2j6rp7i5blna6hl3zexummamssqd.onion/,Drugs
,
https://onionengine.com/msearch.php?search=guns&submit=Search&rt=,Weapons
https://www.cheaperthandirt.com/search?q=Lsd&lang=default,Weapons
https://www.cheaperthandirt.com/search?q=Porn&lang=default,Weapons
https://www.cheaperthandirt.com/search?q=Cocaine&lang=default,Weapons
https://onionengine.com/search.php?search=drugs&submit=Search&rt=,Weapons
https://tor.link/?q=drugs,Weapons
http://haystak5njsmn2hqkewecpaxetahtwhsbsa64jom2k22z5afxhnpxfid.onion/?q=drugs,Weapons
https://ahmia.fi/search/?q=drugs,Weapons
https://onionengine.com/search.php?search=LSD+%28Acid%29+drug&submit=Search&rt=,Weapons
https://onionengine.com/search.php?search=Mescaline+drug&submit=Search&rt=,Weapons
https://onionengine.com/search.php?search=Cocaine&submit=Search&rt=,Weapons
ttp://haystak5njsmn2hqkewecpaxetahtwhsbsa64jom2k22z5afxhnpxfid.onion/?q=Kratom+buy,Weapons
https://ahmia.fi/search/?q=kratom,Weapons
https://ahmia.fi/search/?q=LSD+%28Acid%29,Weapons
https://ahmia.fi/search/?q=MDMA,Weapons
http://haystak5njsmn2hqkewecpaxetahtwhsbsa64jom2k22z5afxhnpxfid.onion/?q=gernade,Weapons
https://onionengine.com/search.php?search=grenade&submit=Search&rt=,Weapons
https://ahmia.fi/search/?q=bombs+weapons,Weapons
http://firearmh73frrpeene3bbbdpxj3pgac3yvxafqve2jss3yt6uk4sjfid.onion/,Weapons
http://bmguns777mxlfnozjsfaeiyawspscqljaa4r7aohfmfydaqwbughptyd.onion/?paged=2,Weapons
http://firearm7msqidztqlgpngdoorsapdvoe6flvdgbkzj6by6vbygseplid.onion/,Weapons
http://firearmx3zjrosxstgpxl7xgw2cqj7xwg4q3fx4ygbkjaoy4yemv3xid.onion/?add-to-cart=1681,Weapons